{
  "name": "Truffle Decoding and Encoding",
  "theme": "../../node_modules/@trufflesuite/typedoc-default-themes/bin/default/",
  "excludeExternals": true,
  "plugin": ["typedoc-plugin-remove-references"],
  "categoryOrder": [
    "Data",
    "ABI data location",
    "Solidity data location",
    "Common data location",
    "Output",
    "Enumerations",
    "Requests",
    "Decoding",
    "Decoding convenience",
    "ABIfication",
    "General categories",
    "Elementary types",
    "Container types",
    "Other user-defined types",
    "Function types",
    "Special container types (debugger-only)",
    "*",
    "Other"
  ],
  "exclude": [
    "**/test/*"
  ]
}
